INSERT INTO brand(BrandId, BrandName) VALUES('B0001', 'Apple');
INSERT INTO brand(BrandId, BrandName) VALUES('B0002', 'Oppo');
INSERT INTO brand(BrandId, BrandName) VALUES('B0003', 'Samsung');
INSERT INTO brand(BrandId, BrandName) VALUES('B0004', 'Vivo');

INSERT INTO color(colorId, ColorName, ColorCode) VALUES('C0001', 'Purple', '#B6B0E2');
INSERT INTO color(colorId, ColorName, ColorCode) VALUES('C0002', 'Blue', '#153B60');
INSERT INTO color(colorId, ColorName, ColorCode) VALUES('C0003', 'Light Green', '#DCEDD7');
INSERT INTO color(colorId, ColorName, ColorCode) VALUES('C0004', 'Red', '#C73F37');
INSERT INTO color(colorId, ColorName, ColorCode) VALUES('C0005', 'Gold', '#EFCFBC');
INSERT INTO color(colorId, ColorName, ColorCode) VALUES('C0006', 'Black', '#24212A');
INSERT INTO color(colorId, ColorName, ColorCode) VALUES('C0007', 'White', '#FFFFFF');
INSERT INTO color(colorId, ColorName, ColorCode) VALUES('C0008', 'Yellow', '#F2D160');
INSERT INTO color(colorId, ColorName, ColorCode) VALUES('C0009', 'Orange', '#ED7662');
INSERT INTO color(colorId, ColorName, ColorCode) VALUES('C0010', 'Silver', '#E3E4DF');
INSERT INTO color(colorId, ColorName, ColorCode) VALUES('C0011', 'Gray', '#52514D');
INSERT INTO color(colorId, ColorName, ColorCode) VALUES('C0012', 'Rose Gold', '#E6C6C2');

INSERT INTO Product(ProductId, ProductName, Price, Warranty, MenufacturrerDate, Capacity, Description, Images, brandId) VALUES('PA1', 'iPad gen8', 10900, 1, '2020-10-02', 64, '10.2-inch display, Supports Apple Pencil (1st generation), A12 Bionic chip with Neural Engine,  8 MP wide camera, 3,687 mAh battery', 'null', 'B0001');
INSERT INTO Product(ProductId, ProductName, Price, Warranty, MenufacturrerDate, Capacity, Description, Images, brandId) VALUES('PA2', 'iPad Pro 2020', 27900, 1, '2020-03-20', 128, '11-inch and 12-inch display, Supports Apple Pencil (2nd generation) and Smart Keyboard, A12Z Bionic chip with Neural Engine, 12 MP wide camera and 10 MP ultrawide cameram 7,812 mAh battery', 'null', 'B0001');
INSERT INTO Product(ProductId, ProductName, Price, Warranty, MenufacturrerDate, Capacity, Description, Images, brandId) VALUES('PA3', 'iPhone 12 Pro Max', 36900, 1, '2020-11-26', 128, 'triple camera resolution 12+12+12 MP + LiDAR sensor, 6.7-inch OLED Super Retina XDR display resolution 2778 x 1284 pixels, CPU Apple A14 Bionic, 3,687 mAh battery', 'null', 'B0001');
INSERT INTO Product(ProductId, ProductName, Price, Warranty, MenufacturrerDate, Capacity, Description, Images, brandId) VALUES('PA4', 'iPhone SE', 14900, 1, '2020-05-14', 64, '12 Mpx rear camera and 7 Mpx front camera, 4.7-inch Retina IPS LCD display resolution 750 × 1,334 pixels , 326 ppi, Apple A13 Bionic, Hexa-core (2x2.65 GHz Lightning + 4x1.8 GHz Thunder)', 'null', 'B0001');
INSERT INTO Product(ProductId, ProductName, Price, Warranty, MenufacturrerDate, Capacity, Description, Images, brandId) VALUES('PO1', 'OPPO Find X3 Pro', 33990, 1, '2021-04-01', 256, '6.7-inch LTPO Super AMOLED display resolution 750 × 1,334 pixel , 326 ppi, 120 Hz refresh rate, resolution of 1440 x 3216 pixels, 4 rear cameras: 50 MP main lens (f / 1.7) + 13 MP periscope telephoto lens (f /3.0) + 50 MP ultrawide lens (f / 2.2) + 3 MP macro lens, RAM 8/12 GB, 4,500 mAh battery', 'null', 'B0002');
INSERT INTO Product(ProductId, ProductName, Price, Warranty, MenufacturrerDate, Capacity, Description, Images, brandId) VALUES('PO2', 'OPPO FIND X2', 33990, 1, '2021-03-06', 256, '6.7-inch display resolution 1440 x 3168 pixel , 513 ppi, triple camera resolution 48+13+12 MP and front camera (32 MP), RAM 12 GB, 4,200 mAh battery', 'null', 'B0002');
INSERT INTO Product(ProductId, ProductName, Price, Warranty, MenufacturrerDate, Capacity, Description, Images, brandId) VALUES('PO3', 'OPPO Reno4', 11990, 1, '2020-07-20', 128, '6.4-inch OLED display, dual front camera, resolution 32 MP + 2 MP (distance sensor), 48 MP main camera with OIS system, RAM 8 GB, 4,000 mAh battery', 'null', 'B0002');
INSERT INTO Product(ProductId, ProductName, Price, Warranty, MenufacturrerDate, Capacity, Description, Images, brandId) VALUES('PO4', 'OPPO A74', 8999, 1, '2021-04-14', 128, '6.5-inch IPS-LCD 24-bit display (16 million colors) , resolution 1080 x 2400 pixels , 405 ppi, quad camera, resolution 48 MP + 8 MP (Ultrawide) + 2 MP (Depth) + 2 MP (Macro), 48 MP main camera with OIS system, RAM 8 GB, 5,000 mAh battery', 'null', 'B0002');
INSERT INTO Product(ProductId, ProductName, Price, Warranty, MenufacturrerDate, Capacity, Description, Images, brandId) VALUES('PS1', 'Samsung Galaxy A72', 13999, 1, '2021-03-18', 128, '6.7-inch Super AMOLED display , resolution 1080 x 2400 pixels , 393 ppi, rear camera (64 Mpx) and front camera (32 Mpx), RAM 8 GB, 5,000 mAh battery', 'null', 'B0003');
INSERT INTO Product(ProductId, ProductName, Price, Warranty, MenufacturrerDate, Capacity, Description, Images, brandId) VALUES('PS2', 'Samsung Galaxy Note20 Ultra 5G', 38900, 1, '2020-08-06', 256, '6.9-inch Dynamic AMOLED 2X display , resolution 1,440 × 3,200 pixels , 511 ppi, rear camera (108 Mpx) and front camera (10 Mpx), RAM 8/12 GB, 5,000 mAh battery', 'null', 'B0003');
INSERT INTO Product(ProductId, ProductName, Price, Warranty, MenufacturrerDate, Capacity, Description, Images, brandId) VALUES('PS3', 'Samsung Galaxy S21 5G', 29900, 1, '2021-01-15', 128, '6.2-inch display , resolution 1080 x 2400 pixels , 421 ppi, triple camera 12 MP + 12 MP (Ultrawide) + 64 MP (Telephoto), RAM 8 GB, 4,000 mAh battery', 'null', 'B0003');
INSERT INTO Product(ProductId, ProductName, Price, Warranty, MenufacturrerDate, Capacity, Description, Images, brandId) VALUES('PS4', 'Samsung Galaxy Z Flip', 4900, 1, '2020-02-12', 256, '6.7-inch Dynamic AMOLED 24-bit display (16 million colors) , resolution 1080 x 2636 pixels , 425 ppi, dual camera 12 MP + 12 MP, RAM 8 GB, 3,3000 mAh battery', 'null', 'B0003');
INSERT INTO Product(ProductId, ProductName, Price, Warranty, MenufacturrerDate, Capacity, Description, Images, brandId) VALUES('PV1', 'Vivo X50 Pro', 24999, 1, '2020-09-08', 256, '6.56 -inch AMOLED 24-bit display (16 million colors) , resolution 1080 x 2376 pixels , 398 ppi, camera 48 MP + 8 MP (Periscope telephoto) + 13 MP (Portrait) + 8 MP, RAM 8 GB, 4,315 mAh battery', 'null', 'B0004');
INSERT INTO Product(ProductId, ProductName, Price, Warranty, MenufacturrerDate, Capacity, Description, Images, brandId) VALUES('PV2', 'Vivo V20 Pro', 14999, 1, '2020-09-22', 128, '6.44 -inch AMOLED 24-bit display (16 million colors) , resolution 1080 x 2400 pixels, triple camera 64 MP + 8 MP (Ultrawide) + 2 MP (Mono), RAM 8 GB, 4,000 mAh battery', 'null', 'B0004');
INSERT INTO Product(ProductId, ProductName, Price, Warranty, MenufacturrerDate, Capacity, Description, Images, brandId) VALUES('PV3', 'Vivo Y50', 7999, 1, '2020-04-08', 128, '6.53 -inch IPS-LCD 24-bit display (16 million colors) , resolution 1080 x 2400 pixels , 403 ppi, quad camera 13 MP + 8 MP (Ultrawide) + 2 MP (Macro) + 2 MP (Depth), RAM 6/8 GB, 5,000 mAh battery', 'null', 'B0004');
INSERT INTO Product(ProductId, ProductName, Price, Warranty, MenufacturrerDate, Capacity, Description, Images, brandId) VALUES('PV4', 'Vivo Y1s', 2999, 1, '2020-10-27', 32,'6.22 -inch IPS-LCD 24-bit display (16 million colors) , resolution 720 x 1520 pixels , 270 ppi, 13 MP digital camera, RAM 2 GB, 4,030 mAh battery', 'null', 'B0004');